id;image_url;file_name;file_type
1;turn-key;Sausages;disintermediate Cambridgeshire hacking
2;bricks-and-clicks Concrete Global;Fiji Dollar Profound Bacon;Macao Equatorial Guinea Vision-oriented
3;Agent;Human deposit;even-keeled Saint Helena Pound
4;Internal AI optical;bypassing Marketing;Dynamic Home Loan Account Tools
5;Branding;Home Gloves Latvia;Ports Manager Fish
6;Networked;Fish;payment calculating
7;local area network Benin;turn-key dedicated;Wisconsin
8;target Human withdrawal;dot-com payment Libyan Dinar;white sensor local
9;calculate;Chips;Villages uniform PCI
10;Automotive Tactics architectures;Wisconsin Facilitator Incredible;reinvent
