id;receipt_url;file_name;file_type
1;Credit Card Account Nevada;Persistent transparent Chips;front-end Intuitive vortals
2;Communications;Customer;Avon
3;Advanced bus;Security Virginia;solid state Clothing deposit
4;Maine Checking Account markets;Unbranded programming District;Concrete
5;Pizza yellow programming;FTP;Persistent Investment Account
6;Handmade Plastic Mouse neural;Money Market Account;synergize
7;JSON National;interactive capacitor;Idaho Grocery
8;Concrete Towels Avon;Automotive frame;Indiana deposit Electronics
9;Bedfordshire Strategist;Towels applications;Zimbabwe
10;Bedfordshire;application scale;indigo National
